exam_year,score,rank,section_num,category,subject_type,batch,rank_percent,total_student
2023,697,312,46,普通类,综合类,一段,0.0011,277524
2023,696,352,40,普通类,综合类,一段,0.0013,277524
2023,695,410,58,普通类,综合类,一段,0.0015,277524
2023,694,476,66,普通类,综合类,一段,0.0017,277524
2023,693,532,56,普通类,综合类,一段,0.0019,277524
2023,692,617,85,普通类,综合类,一段,0.0022,277524
2023,691,689,72,普通类,综合类,一段,0.0025,277524
2023,690,785,96,普通类,综合类,一段,0.0028,277524
2023,689,884,99,普通类,综合类,一段,0.0032,277524
2023,688,980,96,普通类,综合类,一段,0.0035,277524
2023,687,1100,120,普通类,综合类,一段,0.004,277524
2023,686,1239,139,普通类,综合类,一段,0.0045,277524
2023,685,1376,137,普通类,综合类,一段,0.005,277524
2023,684,1521,145,普通类,综合类,一段,0.0055,277524
2023,683,1687,166,普通类,综合类,一段,0.0061,277524
2023,682,1835,148,普通类,综合类,一段,0.0066,277524
2023,681,2019,184,普通类,综合类,一段,0.0073,277524
2023,680,2207,188,普通类,综合类,一段,0.008,277524
2023,679,2432,225,普通类,综合类,一段,0.0088,277524
2023,678,2650,218,普通类,综合类,一段,0.0095,277524
2023,677,2854,204,普通类,综合类,一段,0.0103,277524
2023,676,3121,267,普通类,综合类,一段,0.0112,277524
2023,675,3374,253,普通类,综合类,一段,0.0122,277524
2023,674,3611,237,普通类,综合类,一段,0.013,277524
2023,673,3895,284,普通类,综合类,一段,0.014,277524
2023,672,4155,260,普通类,综合类,一段,0.015,277524
2023,671,4444,289,普通类,综合类,一段,0.016,277524
2023,670,4710,266,普通类,综合类,一段,0.017,277524
2023,669,5013,303,普通类,综合类,一段,0.0181,277524
2023,668,5312,299,普通类,综合类,一段,0.0191,277524
2023,667,5647,335,普通类,综合类,一段,0.0203,277524
2023,666,5979,332,普通类,综合类,一段,0.0215,277524
2023,665,6338,359,普通类,综合类,一段,0.0228,277524
2023,664,6725,387,普通类,综合类,一段,0.0242,277524
2023,663,7093,368,普通类,综合类,一段,0.0256,277524
2023,662,7486,393,普通类,综合类,一段,0.027,277524
2023,661,7867,381,普通类,综合类,一段,0.0283,277524
2023,660,8261,394,普通类,综合类,一段,0.0298,277524
2023,659,8666,405,普通类,综合类,一段,0.0312,277524
2023,658,9081,415,普通类,综合类,一段,0.0327,277524
2023,657,9564,483,普通类,综合类,一段,0.0345,277524
2023,656,10015,451,普通类,综合类,一段,0.0361,277524
2023,655,10480,465,普通类,综合类,一段,0.0378,277524
2023,654,10990,510,普通类,综合类,一段,0.0396,277524
2023,653,11453,463,普通类,综合类,一段,0.0413,277524
2023,652,11960,507,普通类,综合类,一段,0.0431,277524
2023,651,12466,506,普通类,综合类,一段,0.0449,277524
2023,650,12975,509,普通类,综合类,一段,0.0468,277524
2023,649,13494,519,普通类,综合类,一段,0.0486,277524
2023,648,14028,534,普通类,综合类,一段,0.0505,277524
2023,647,14606,578,普通类,综合类,一段,0.0526,277524
2023,646,15142,536,普通类,综合类,一段,0.0546,277524
2023,645,15737,595,普通类,综合类,一段,0.0567,277524
2023,644,16327,590,普通类,综合类,一段,0.0588,277524
2023,643,16934,607,普通类,综合类,一段,0.061,277524
2023,642,17572,638,普通类,综合类,一段,0.0633,277524
2023,641,18249,677,普通类,综合类,一段,0.0658,277524
2023,640,18892,643,普通类,综合类,一段,0.0681,277524
2023,639,19542,650,普通类,综合类,一段,0.0704,277524
2023,638,20235,693,普通类,综合类,一段,0.0729,277524
2023,637,20885,650,普通类,综合类,一段,0.0753,277524
2023,636,21596,711,普通类,综合类,一段,0.0778,277524
2023,635,22325,729,普通类,综合类,一段,0.0804,277524
2023,634,23046,721,普通类,综合类,一段,0.083,277524
2023,633,23726,680,普通类,综合类,一段,0.0855,277524
2023,632,24430,704,普通类,综合类,一段,0.088,277524
2023,631,25179,749,普通类,综合类,一段,0.0907,277524
2023,630,25969,790,普通类,综合类,一段,0.0936,277524
2023,629,26683,714,普通类,综合类,一段,0.0961,277524
2023,628,27468,785,普通类,综合类,一段,0.099,277524
2023,627,28246,778,普通类,综合类,一段,0.1018,277524
2023,626,29033,787,普通类,综合类,一段,0.1046,277524
2023,625,29837,804,普通类,综合类,一段,0.1075,277524
2023,624,30663,826,普通类,综合类,一段,0.1105,277524
2023,623,31486,823,普通类,综合类,一段,0.1135,277524
2023,622,32368,882,普通类,综合类,一段,0.1166,277524
2023,621,33207,839,普通类,综合类,一段,0.1197,277524
2023,620,34056,849,普通类,综合类,一段,0.1227,277524
2023,619,34956,900,普通类,综合类,一段,0.126,277524
2023,618,35802,846,普通类,综合类,一段,0.129,277524
2023,617,36712,910,普通类,综合类,一段,0.1323,277524
2023,616,37560,848,普通类,综合类,一段,0.1353,277524
2023,615,38468,908,普通类,综合类,一段,0.1386,277524
2023,614,39433,965,普通类,综合类,一段,0.1421,277524
2023,613,40358,925,普通类,综合类,一段,0.1454,277524
2023,612,41278,920,普通类,综合类,一段,0.1487,277524
2023,611,42216,938,普通类,综合类,一段,0.1521,277524
2023,610,43183,967,普通类,综合类,一段,0.1556,277524
2023,609,44121,938,普通类,综合类,一段,0.159,277524
2023,608,45061,940,普通类,综合类,一段,0.1624,277524
2023,607,46013,952,普通类,综合类,一段,0.1658,277524
2023,606,47031,1018,普通类,综合类,一段,0.1695,277524
2023,605,47983,952,普通类,综合类,一段,0.1729,277524
2023,604,48912,929,普通类,综合类,一段,0.1762,277524
2023,603,49911,999,普通类,综合类,一段,0.1798,277524
2023,602,50945,1034,普通类,综合类,一段,0.1836,277524
2023,601,51939,994,普通类,综合类,一段,0.1872,277524
2023,600,52956,1017,普通类,综合类,一段,0.1908,277524
2023,599,53956,1000,普通类,综合类,一段,0.1944,277524
2023,598,54960,1004,普通类,综合类,一段,0.198,277524
2023,597,55964,1004,普通类,综合类,一段,0.2017,277524
2023,596,56972,1008,普通类,综合类,一段,0.2053,277524
2023,595,58054,1082,普通类,综合类,一段,0.2092,277524
2023,594,59126,1072,普通类,综合类,一段,0.213,277524
2023,593,60199,1073,普通类,综合类,一段,0.2169,277524
2023,592,61255,1056,普通类,综合类,一段,0.2207,277524
2023,591,62338,1083,普通类,综合类,一段,0.2246,277524
2023,590,63399,1061,普通类,综合类,一段,0.2284,277524
2023,589,64455,1056,普通类,综合类,一段,0.2323,277524
2023,588,65518,1063,普通类,综合类,一段,0.2361,277524
2023,587,66618,1100,普通类,综合类,一段,0.24,277524
2023,586,67676,1058,普通类,综合类,一段,0.2439,277524
2023,585,68710,1034,普通类,综合类,一段,0.2476,277524
2023,584,69825,1115,普通类,综合类,一段,0.2516,277524
2023,583,70865,1040,普通类,综合类,一段,0.2553,277524
2023,582,71896,1031,普通类,综合类,一段,0.2591,277524
2023,581,72934,1038,普通类,综合类,一段,0.2628,277524
2023,580,73987,1053,普通类,综合类,一段,0.2666,277524
2023,579,75041,1054,普通类,综合类,一段,0.2704,277524
2023,578,76135,1094,普通类,综合类,一段,0.2743,277524
2023,577,77235,1100,普通类,综合类,一段,0.2783,277524
2023,576,78309,1074,普通类,综合类,一段,0.2822,277524
2023,575,79412,1103,普通类,综合类,一段,0.2861,277524
2023,574,80462,1050,普通类,综合类,一段,0.2899,277524
2023,573,81581,1119,普通类,综合类,一段,0.294,277524
2023,572,82691,1110,普通类,综合类,一段,0.298,277524
2023,571,83858,1167,普通类,综合类,一段,0.3022,277524
2023,570,84979,1121,普通类,综合类,一段,0.3062,277524
2023,569,86091,1112,普通类,综合类,一段,0.3102,277524
2023,568,87214,1123,普通类,综合类,一段,0.3143,277524
2023,567,88304,1090,普通类,综合类,一段,0.3182,277524
2023,566,89403,1099,普通类,综合类,一段,0.3221,277524
2023,565,90494,1091,普通类,综合类,一段,0.3261,277524
2023,564,91608,1114,普通类,综合类,一段,0.3301,277524
2023,563,92679,1071,普通类,综合类,一段,0.3339,277524
2023,562,93760,1081,普通类,综合类,一段,0.3378,277524
2023,561,94840,1080,普通类,综合类,一段,0.3417,277524
2023,560,95943,1103,普通类,综合类,一段,0.3457,277524
2023,559,97103,1160,普通类,综合类,一段,0.3499,277524
2023,558,98206,1103,普通类,综合类,一段,0.3539,277524
2023,557,99276,1070,普通类,综合类,一段,0.3577,277524
2023,556,100341,1065,普通类,综合类,一段,0.3616,277524
2023,555,101442,1101,普通类,综合类,一段,0.3655,277524
2023,554,102591,1149,普通类,综合类,一段,0.3697,277524
2023,553,103688,1097,普通类,综合类,一段,0.3736,277524
2023,552,104863,1175,普通类,综合类,一段,0.3779,277524
2023,551,106023,1160,普通类,综合类,一段,0.382,277524
2023,550,107125,1102,普通类,综合类,一段,0.386,277524
2023,549,108261,1136,普通类,综合类,一段,0.3901,277524
2023,548,109365,1104,普通类,综合类,一段,0.3941,277524
2023,547,110490,1125,普通类,综合类,一段,0.3981,277524
2023,546,111577,1087,普通类,综合类,一段,0.402,277524
2023,545,112696,1119,普通类,综合类,一段,0.4061,277524
2023,544,113842,1146,普通类,综合类,一段,0.4102,277524
2023,543,114990,1148,普通类,综合类,一段,0.4143,277524
2023,542,116052,1062,普通类,综合类,一段,0.4182,277524
2023,541,117220,1168,普通类,综合类,一段,0.4224,277524
2023,540,118343,1123,普通类,综合类,一段,0.4264,277524
2023,539,119459,1116,普通类,综合类,一段,0.4304,277524
2023,538,120571,1112,普通类,综合类,一段,0.4345,277524
2023,537,121702,1131,普通类,综合类,一段,0.4385,277524
2023,536,122799,1097,普通类,综合类,一段,0.4425,277524
2023,535,123969,1170,普通类,综合类,一段,0.4467,277524
2023,534,125093,1124,普通类,综合类,一段,0.4507,277524
2023,533,126231,1138,普通类,综合类,一段,0.4548,277524
2023,532,127378,1147,普通类,综合类,一段,0.459,277524
2023,531,128514,1136,普通类,综合类,一段,0.4631,277524
2023,530,129659,1145,普通类,综合类,一段,0.4672,277524
2023,529,130740,1081,普通类,综合类,一段,0.4711,277524
2023,528,131914,1174,普通类,综合类,一段,0.4753,277524
2023,527,133071,1157,普通类,综合类,一段,0.4795,277524
2023,526,134151,1080,普通类,综合类,一段,0.4834,277524
2023,525,135334,1183,普通类,综合类,一段,0.4876,277524
2023,524,136491,1157,普通类,综合类,一段,0.4918,277524
2023,523,137558,1067,普通类,综合类,一段,0.4957,277524
2023,522,138710,1152,普通类,综合类,一段,0.4998,277524
2023,521,139838,1128,普通类,综合类,一段,0.5039,277524
2023,520,140978,1140,普通类,综合类,一段,0.508,277524
2023,519,142112,1134,普通类,综合类,一段,0.5121,277524
2023,518,143196,1084,普通类,综合类,一段,0.516,277524
2023,517,144301,1105,普通类,综合类,一段,0.52,277524
2023,516,145449,1148,普通类,综合类,一段,0.5241,277524
2023,515,146567,1118,普通类,综合类,一段,0.5281,277524
2023,514,147681,1114,普通类,综合类,一段,0.5321,277524
2023,513,148778,1097,普通类,综合类,一段,0.5361,277524
2023,512,149891,1113,普通类,综合类,一段,0.5401,277524
2023,511,151053,1162,普通类,综合类,一段,0.5443,277524
2023,510,152096,1043,普通类,综合类,一段,0.548,277524
2023,509,153212,1116,普通类,综合类,一段,0.5521,277524
2023,508,154294,1082,普通类,综合类,一段,0.556,277524
2023,507,155388,1094,普通类,综合类,一段,0.5599,277524
2023,506,156491,1103,普通类,综合类,一段,0.5639,277524
2023,505,157566,1075,普通类,综合类,一段,0.5678,277524
2023,504,158678,1112,普通类,综合类,一段,0.5718,277524
2023,503,159743,1065,普通类,综合类,一段,0.5756,277524
2023,502,160861,1118,普通类,综合类,一段,0.5796,277524
2023,501,161948,1087,普通类,综合类,一段,0.5835,277524
2023,500,162965,1017,普通类,综合类,一段,0.5872,277524
2023,499,163968,1003,普通类,综合类,一段,0.5908,277524
2023,498,165022,1054,普通类,综合类,一段,0.5946,277524
2023,497,166069,1047,普通类,综合类,一段,0.5984,277524
2023,496,167126,1057,普通类,综合类,一段,0.6022,277524
2023,495,168137,1011,普通类,综合类,一段,0.6058,277524
2023,494,169185,1048,普通类,综合类,一段,0.6096,277524
2023,493,170193,1008,普通类,综合类,一段,0.6133,277524
2023,492,171242,1049,普通类,综合类,一段,0.617,277524
2023,491,172302,1060,普通类,综合类,一段,0.6209,277524
2023,490,173387,1085,普通类,综合类,一段,0.6248,277524
2023,489,174429,1042,普通类,综合类,一段,0.6285,277524
2023,488,175424,995,普通类,综合类,一段,0.6321,277524
2023,487,176406,982,普通类,综合类,一段,0.6356,277524
2023,486,177493,1087,普通类,综合类,一段,0.6396,277524
2023,485,178540,1047,普通类,综合类,一段,0.6433,277524
2023,484,179567,1027,普通类,综合类,一段,0.647,277524
2023,483,180562,995,普通类,综合类,一段,0.6506,277524
2023,482,181511,949,普通类,综合类,一段,0.654,277524
2023,481,182547,1036,普通类,综合类,一段,0.6578,277524
2023,480,183479,932,普通类,综合类,一段,0.6611,277524
2023,479,184438,959,普通类,综合类,一段,0.6646,277524
2023,478,185423,985,普通类,综合类,一段,0.6681,277524
2023,477,186372,949,普通类,综合类,一段,0.6716,277524
2023,476,187321,949,普通类,综合类,一段,0.675,277524
2023,475,188329,1008,普通类,综合类,一段,0.6786,277524
2023,474,189317,988,普通类,综合类,一段,0.6822,277524
2023,473,190218,901,普通类,综合类,一段,0.6854,277524
2023,472,191164,946,普通类,综合类,一段,0.6888,277524
2023,471,192120,956,普通类,综合类,一段,0.6923,277524
2023,470,193051,931,普通类,综合类,一段,0.6956,277524
2023,469,193971,920,普通类,综合类,一段,0.6989,277524
2023,468,194882,911,普通类,综合类,一段,0.7022,277524
2023,467,195773,891,普通类,综合类,一段,0.7054,277524
2023,466,196655,882,普通类,综合类,一段,0.7086,277524
2023,465,197557,902,普通类,综合类,一段,0.7119,277524
2023,464,198399,842,普通类,综合类,一段,0.7149,277524
2023,463,199307,908,普通类,综合类,一段,0.7182,277524
2023,462,200137,830,普通类,综合类,一段,0.7212,277524
2023,461,200983,846,普通类,综合类,一段,0.7242,277524
2023,460,201847,864,普通类,综合类,一段,0.7273,277524
2023,459,202750,903,普通类,综合类,一段,0.7306,277524
2023,458,203636,886,普通类,综合类,一段,0.7338,277524
2023,457,204481,845,普通类,综合类,一段,0.7368,277524
2023,456,205295,814,普通类,综合类,一段,0.7397,277524
2023,455,206121,826,普通类,综合类,一段,0.7427,277524
2023,454,206968,847,普通类,综合类,一段,0.7458,277524
2023,453,207799,831,普通类,综合类,一段,0.7488,277524
2023,452,208627,828,普通类,综合类,一段,0.7517,277524
2023,451,209411,784,普通类,综合类,一段,0.7546,277524
2023,450,210206,795,普通类,综合类,一段,0.7574,277524
2023,449,211038,832,普通类,综合类,一段,0.7604,277524
2023,448,211798,760,普通类,综合类,一段,0.7632,277524
2023,447,212600,802,普通类,综合类,一段,0.7661,277524
2023,446,213384,784,普通类,综合类,一段,0.7689,277524
2023,445,214203,819,普通类,综合类,一段,0.7718,277524
2023,444,214953,750,普通类,综合类,一段,0.7745,277524
2023,443,215717,764,普通类,综合类,一段,0.7773,277524
2023,442,216491,774,普通类,综合类,一段,0.7801,277524
2023,441,217217,726,普通类,综合类,一段,0.7827,277524
2023,440,217920,703,普通类,综合类,一段,0.7852,277524
2023,439,218671,751,普通类,综合类,一段,0.7879,277524
2023,438,219379,708,普通类,综合类,一段,0.7905,277524
2023,437,220123,744,普通类,综合类,一段,0.7932,277524
2023,436,220844,721,普通类,综合类,一段,0.7958,277524
2023,435,221550,706,普通类,综合类,一段,0.7983,277524
2023,434,222226,676,普通类,综合类,一段,0.8007,277524
2023,433,223012,786,普通类,综合类,一段,0.8036,277524
2023,432,223675,663,普通类,综合类,一段,0.806,277524
2023,431,224399,724,普通类,综合类,一段,0.8086,277524
2023,430,225134,735,普通类,综合类,一段,0.8112,277524
2023,429,225847,713,普通类,综合类,一段,0.8138,277524
2023,428,226507,660,普通类,综合类,一段,0.8162,277524
2023,427,227184,677,普通类,综合类,一段,0.8186,277524
2023,426,227919,735,普通类,综合类,一段,0.8213,277524
2023,425,228627,708,普通类,综合类,一段,0.8238,277524
2023,424,229298,671,普通类,综合类,一段,0.8262,277524
2023,423,229928,630,普通类,综合类,一段,0.8285,277524
2023,422,230589,661,普通类,综合类,一段,0.8309,277524
2023,421,231233,644,普通类,综合类,一段,0.8332,277524
2023,420,231899,666,普通类,综合类,一段,0.8356,277524
2023,419,232561,662,普通类,综合类,一段,0.838,277524
2023,418,233156,595,普通类,综合类,一段,0.8401,277524
2023,417,233795,639,普通类,综合类,一段,0.8424,277524
2023,416,234440,645,普通类,综合类,一段,0.8448,277524
2023,415,234976,536,普通类,综合类,一段,0.8467,277524
2023,414,235598,622,普通类,综合类,一段,0.8489,277524
2023,413,236240,642,普通类,综合类,一段,0.8512,277524
2023,412,236841,601,普通类,综合类,一段,0.8534,277524
2023,411,237465,624,普通类,综合类,一段,0.8557,277524
2023,410,238102,637,普通类,综合类,一段,0.858,277524
2023,409,238701,599,普通类,综合类,一段,0.8601,277524
2023,408,239304,603,普通类,综合类,一段,0.8623,277524
2023,407,239852,548,普通类,综合类,一段,0.8643,277524
2023,406,240431,579,普通类,综合类,一段,0.8663,277524
2023,405,240960,529,普通类,综合类,一段,0.8682,277524
2023,404,241521,561,普通类,综合类,一段,0.8703,277524
2023,403,242096,575,普通类,综合类,一段,0.8723,277524
2023,402,242651,555,普通类,综合类,一段,0.8743,277524
2023,401,243207,556,普通类,综合类,一段,0.8763,277524
2023,400,243792,585,普通类,综合类,一段,0.8785,277524
2023,399,244350,558,普通类,综合类,一段,0.8805,277524
2023,398,244891,541,普通类,综合类,一段,0.8824,277524
2023,397,245418,527,普通类,综合类,一段,0.8843,277524
2023,396,245971,553,普通类,综合类,一段,0.8863,277524
2023,395,246493,522,普通类,综合类,一段,0.8882,277524
2023,394,247011,518,普通类,综合类,一段,0.8901,277524
2023,393,247567,556,普通类,综合类,一段,0.8921,277524
2023,392,248072,505,普通类,综合类,一段,0.8939,277524
2023,391,248568,496,普通类,综合类,一段,0.8957,277524
2023,390,249024,456,普通类,综合类,一段,0.8973,277524
2023,389,249504,480,普通类,综合类,一段,0.899,277524
2023,388,249968,464,普通类,综合类,一段,0.9007,277524
2023,387,250460,492,普通类,综合类,一段,0.9025,277524
2023,386,250910,450,普通类,综合类,一段,0.9041,277524
2023,385,251377,467,普通类,综合类,一段,0.9058,277524
2023,384,251848,471,普通类,综合类,一段,0.9075,277524
2023,383,252263,415,普通类,综合类,一段,0.909,277524
2023,382,252714,451,普通类,综合类,一段,0.9106,277524
2023,381,253157,443,普通类,综合类,一段,0.9122,277524
2023,380,253605,448,普通类,综合类,一段,0.9138,277524
2023,379,253995,390,普通类,综合类,一段,0.9152,277524
2023,378,254385,390,普通类,综合类,一段,0.9166,277524
2023,377,254796,411,普通类,综合类,一段,0.9181,277524
2023,376,255203,407,普通类,综合类,一段,0.9196,277524
2023,375,255588,385,普通类,综合类,一段,0.921,277524
2023,374,256009,421,普通类,综合类,一段,0.9225,277524
2023,373,256405,396,普通类,综合类,一段,0.9239,277524
2023,372,256782,377,普通类,综合类,一段,0.9253,277524
2023,371,257181,399,普通类,综合类,一段,0.9267,277524
2023,370,257557,376,普通类,综合类,一段,0.9281,277524
2023,369,257936,379,普通类,综合类,一段,0.9294,277524
2023,368,258304,368,普通类,综合类,一段,0.9307,277524
2023,367,258708,404,普通类,综合类,一段,0.9322,277524
2023,366,259078,370,普通类,综合类,一段,0.9335,277524
2023,365,259431,353,普通类,综合类,一段,0.9348,277524
2023,364,259785,354,普通类,综合类,一段,0.9361,277524
2023,363,260119,334,普通类,综合类,一段,0.9373,277524
2023,362,260416,297,普通类,综合类,一段,0.9384,277524
2023,361,260745,329,普通类,综合类,一段,0.9395,277524
2023,360,261074,329,普通类,综合类,一段,0.9407,277524
2023,359,261386,312,普通类,综合类,一段,0.9419,277524
2023,358,261741,355,普通类,综合类,一段,0.9431,277524
2023,357,262031,290,普通类,综合类,一段,0.9442,277524
2023,356,262346,315,普通类,综合类,一段,0.9453,277524
2023,355,262628,282,普通类,综合类,一段,0.9463,277524
2023,354,262891,263,普通类,综合类,一段,0.9473,277524
2023,353,263172,281,普通类,综合类,一段,0.9483,277524
2023,352,263459,287,普通类,综合类,一段,0.9493,277524
2023,351,263745,286,普通类,综合类,一段,0.9504,277524
2023,350,264033,288,普通类,综合类,一段,0.9514,277524
2023,349,264267,234,普通类,综合类,一段,0.9522,277524
2023,348,264532,265,普通类,综合类,一段,0.9532,277524
2023,347,264774,242,普通类,综合类,一段,0.9541,277524
2023,346,265057,283,普通类,综合类,一段,0.9551,277524
2023,345,265324,267,普通类,综合类,一段,0.956,277524
2023,344,265573,249,普通类,综合类,一段,0.9569,277524
2023,343,265806,233,普通类,综合类,一段,0.9578,277524
2023,342,266041,235,普通类,综合类,一段,0.9586,277524
2023,341,266279,238,普通类,综合类,一段,0.9595,277524
2023,340,266506,227,普通类,综合类,一段,0.9603,277524
2023,339,266729,223,普通类,综合类,一段,0.9611,277524
2023,338,266948,219,普通类,综合类,一段,0.9619,277524
2023,337,267158,210,普通类,综合类,一段,0.9626,277524
2023,336,267378,220,普通类,综合类,一段,0.9634,277524
2023,335,267582,204,普通类,综合类,一段,0.9642,277524
2023,334,267810,228,普通类,综合类,一段,0.965,277524
2023,333,268027,217,普通类,综合类,一段,0.9658,277524
2023,332,268237,210,普通类,综合类,一段,0.9665,277524
2023,331,268426,189,普通类,综合类,一段,0.9672,277524
2023,330,268597,171,普通类,综合类,一段,0.9678,277524
2023,329,268795,198,普通类,综合类,一段,0.9685,277524
2023,328,268995,200,普通类,综合类,一段,0.9693,277524
2023,327,269189,194,普通类,综合类,一段,0.97,277524
2023,326,269399,210,普通类,综合类,一段,0.9707,277524
2023,325,269587,188,普通类,综合类,一段,0.9714,277524
2023,324,269759,172,普通类,综合类,一段,0.972,277524
2023,323,269942,183,普通类,综合类,一段,0.9727,277524
2023,322,270109,167,普通类,综合类,一段,0.9733,277524
2023,321,270298,189,普通类,综合类,一段,0.974,277524
2023,320,270477,179,普通类,综合类,一段,0.9746,277524
2023,319,270659,182,普通类,综合类,一段,0.9753,277524
2023,318,270826,167,普通类,综合类,一段,0.9759,277524
2023,317,270962,136,普通类,综合类,一段,0.9764,277524
2023,316,271124,162,普通类,综合类,一段,0.9769,277524
2023,315,271266,142,普通类,综合类,一段,0.9775,277524
2023,314,271411,145,普通类,综合类,一段,0.978,277524
2023,313,271555,144,普通类,综合类,一段,0.9785,277524
2023,312,271704,149,普通类,综合类,一段,0.979,277524
2023,311,271859,155,普通类,综合类,一段,0.9796,277524
2023,310,272009,150,普通类,综合类,一段,0.9801,277524
2023,309,272143,134,普通类,综合类,一段,0.9806,277524
2023,308,272282,139,普通类,综合类,一段,0.9811,277524
2023,307,272427,145,普通类,综合类,一段,0.9816,277524
2023,306,272554,127,普通类,综合类,一段,0.9821,277524
2023,305,272689,135,普通类,综合类,一段,0.9826,277524
2023,304,272825,136,普通类,综合类,一段,0.9831,277524
2023,303,272966,141,普通类,综合类,一段,0.9836,277524
2023,302,273111,145,普通类,综合类,一段,0.9841,277524
2023,301,273253,142,普通类,综合类,一段,0.9846,277524
2023,300,273396,143,普通类,综合类,一段,0.9851,277524
2023,299,273532,136,普通类,综合类,一段,0.9856,277524
2023,298,273664,132,普通类,综合类,一段,0.9861,277524
2023,297,273783,119,普通类,综合类,一段,0.9865,277524
2023,296,273921,138,普通类,综合类,一段,0.987,277524
2023,295,274039,118,普通类,综合类,一段,0.9874,277524
2023,294,274193,154,普通类,综合类,一段,0.988,277524
2023,293,274337,144,普通类,综合类,一段,0.9885,277524
2023,292,274494,157,普通类,综合类,一段,0.9891,277524
2023,291,274620,126,普通类,综合类,一段,0.9895,277524
2023,290,274776,156,普通类,综合类,一段,0.9901,277524
2023,289,274920,144,普通类,综合类,一段,0.9906,277524
2023,288,275082,162,普通类,综合类,一段,0.9912,277524
2023,287,275241,159,普通类,综合类,一段,0.9918,277524
2023,286,275408,167,普通类,综合类,一段,0.9924,277524
2023,285,275598,190,普通类,综合类,一段,0.9931,277524
2023,284,275767,169,普通类,综合类,一段,0.9937,277524
2023,283,275934,167,普通类,综合类,一段,0.9943,277524
2023,282,276107,173,普通类,综合类,一段,0.9949,277524
2023,281,276257,150,普通类,综合类,一段,0.9954,277524
2023,280,276425,168,普通类,综合类,一段,0.996,277524
2023,279,276605,180,普通类,综合类,一段,0.9967,277524
2023,278,276780,175,普通类,综合类,一段,0.9973,277524
2023,277,276963,183,普通类,综合类,一段,0.998,277524
2023,276,277150,187,普通类,综合类,一段,0.9987,277524
2023,275,277345,195,普通类,综合类,一段,0.9994,277524
2023,274,277524,179,普通类,综合类,一段,1.0,277524
2024,699,331,331,普通类,综合类,一段,0.0012,281057
2024,698,396,65,普通类,综合类,一段,0.0014,281057
2024,697,468,72,普通类,综合类,一段,0.0017,281057
2024,696,533,65,普通类,综合类,一段,0.0019,281057
2024,695,597,64,普通类,综合类,一段,0.0021,281057
2024,694,667,70,普通类,综合类,一段,0.0024,281057
2024,693,763,96,普通类,综合类,一段,0.0027,281057
2024,692,855,92,普通类,综合类,一段,0.003,281057
2024,691,939,84,普通类,综合类,一段,0.0033,281057
2024,690,1039,100,普通类,综合类,一段,0.0037,281057
2024,689,1138,99,普通类,综合类,一段,0.004,281057
2024,688,1265,127,普通类,综合类,一段,0.0045,281057
2024,687,1379,114,普通类,综合类,一段,0.0049,281057
2024,686,1532,153,普通类,综合类,一段,0.0055,281057
2024,685,1657,125,普通类,综合类,一段,0.0059,281057
2024,684,1799,142,普通类,综合类,一段,0.0064,281057
2024,683,1981,182,普通类,综合类,一段,0.007,281057
2024,682,2128,147,普通类,综合类,一段,0.0076,281057
2024,681,2311,183,普通类,综合类,一段,0.0082,281057
2024,680,2516,205,普通类,综合类,一段,0.009,281057
2024,679,2738,222,普通类,综合类,一段,0.0097,281057
2024,678,2926,188,普通类,综合类,一段,0.0104,281057
2024,677,3122,196,普通类,综合类,一段,0.0111,281057
2024,676,3345,223,普通类,综合类,一段,0.0119,281057
2024,675,3577,232,普通类,综合类,一段,0.0127,281057
2024,674,3843,266,普通类,综合类,一段,0.0137,281057
2024,673,4083,240,普通类,综合类,一段,0.0145,281057
2024,672,4365,282,普通类,综合类,一段,0.0155,281057
2024,671,4627,262,普通类,综合类,一段,0.0165,281057
2024,670,4914,287,普通类,综合类,一段,0.0175,281057
2024,669,5198,284,普通类,综合类,一段,0.0185,281057
2024,668,5498,300,普通类,综合类,一段,0.0196,281057
2024,667,5788,290,普通类,综合类,一段,0.0206,281057
2024,666,6116,328,普通类,综合类,一段,0.0218,281057
2024,665,6450,334,普通类,综合类,一段,0.0229,281057
2024,664,6842,392,普通类,综合类,一段,0.0243,281057
2024,663,7191,349,普通类,综合类,一段,0.0256,281057
2024,662,7566,375,普通类,综合类,一段,0.0269,281057
2024,661,7951,385,普通类,综合类,一段,0.0283,281057
2024,660,8307,356,普通类,综合类,一段,0.0296,281057
2024,659,8688,381,普通类,综合类,一段,0.0309,281057
2024,658,9133,445,普通类,综合类,一段,0.0325,281057
2024,657,9543,410,普通类,综合类,一段,0.034,281057
2024,656,9982,439,普通类,综合类,一段,0.0355,281057
2024,655,10425,443,普通类,综合类,一段,0.0371,281057
2024,654,10917,492,普通类,综合类,一段,0.0388,281057
2024,653,11376,459,普通类,综合类,一段,0.0405,281057
2024,652,11848,472,普通类,综合类,一段,0.0422,281057
2024,651,12364,516,普通类,综合类,一段,0.044,281057
2024,650,12844,480,普通类,综合类,一段,0.0457,281057
2024,649,13344,500,普通类,综合类,一段,0.0475,281057
2024,648,13882,538,普通类,综合类,一段,0.0494,281057
2024,647,14383,501,普通类,综合类,一段,0.0512,281057
2024,646,14955,572,普通类,综合类,一段,0.0532,281057
2024,645,15554,599,普通类,综合类,一段,0.0553,281057
2024,644,16134,580,普通类,综合类,一段,0.0574,281057
2024,643,16712,578,普通类,综合类,一段,0.0595,281057
2024,642,17268,556,普通类,综合类,一段,0.0614,281057
2024,641,17926,658,普通类,综合类,一段,0.0638,281057
2024,640,18593,667,普通类,综合类,一段,0.0662,281057
2024,639,19229,636,普通类,综合类,一段,0.0684,281057
2024,638,19915,686,普通类,综合类,一段,0.0709,281057
2024,637,20550,635,普通类,综合类,一段,0.0731,281057
2024,636,21222,672,普通类,综合类,一段,0.0755,281057
2024,635,21917,695,普通类,综合类,一段,0.078,281057
2024,634,22625,708,普通类,综合类,一段,0.0805,281057
2024,633,23369,744,普通类,综合类,一段,0.0831,281057
2024,632,24121,752,普通类,综合类,一段,0.0858,281057
2024,631,24862,741,普通类,综合类,一段,0.0885,281057
2024,630,25630,768,普通类,综合类,一段,0.0912,281057
2024,629,26395,765,普通类,综合类,一段,0.0939,281057
2024,628,27233,838,普通类,综合类,一段,0.0969,281057
2024,627,28031,798,普通类,综合类,一段,0.0997,281057
2024,626,28859,828,普通类,综合类,一段,0.1027,281057
2024,625,29684,825,普通类,综合类,一段,0.1056,281057
2024,624,30527,843,普通类,综合类,一段,0.1086,281057
2024,623,31431,904,普通类,综合类,一段,0.1118,281057
2024,622,32319,888,普通类,综合类,一段,0.115,281057
2024,621,33166,847,普通类,综合类,一段,0.118,281057
2024,620,34040,874,普通类,综合类,一段,0.1211,281057
2024,619,34943,903,普通类,综合类,一段,0.1243,281057
2024,618,35872,929,普通类,综合类,一段,0.1276,281057
2024,617,36782,910,普通类,综合类,一段,0.1309,281057
2024,616,37756,974,普通类,综合类,一段,0.1343,281057
2024,615,38698,942,普通类,综合类,一段,0.1377,281057
2024,614,39662,964,普通类,综合类,一段,0.1411,281057
2024,613,40636,974,普通类,综合类,一段,0.1446,281057
2024,612,41578,942,普通类,综合类,一段,0.1479,281057
2024,611,42539,961,普通类,综合类,一段,0.1514,281057
2024,610,43538,999,普通类,综合类,一段,0.1549,281057
2024,609,44504,966,普通类,综合类,一段,0.1583,281057
2024,608,45534,1030,普通类,综合类,一段,0.162,281057
2024,607,46588,1054,普通类,综合类,一段,0.1658,281057
2024,606,47617,1029,普通类,综合类,一段,0.1694,281057
2024,605,48700,1083,普通类,综合类,一段,0.1733,281057
2024,604,49767,1067,普通类,综合类,一段,0.1771,281057
2024,603,50832,1065,普通类,综合类,一段,0.1809,281057
2024,602,51879,1047,普通类,综合类,一段,0.1846,281057
2024,601,52959,1080,普通类,综合类,一段,0.1884,281057
2024,600,53964,1005,普通类,综合类,一段,0.192,281057
2024,599,55083,1119,普通类,综合类,一段,0.196,281057
2024,598,56226,1143,普通类,综合类,一段,0.2001,281057
2024,597,57294,1068,普通类,综合类,一段,0.2039,281057
2024,596,58350,1056,普通类,综合类,一段,0.2076,281057
2024,595,59456,1106,普通类,综合类,一段,0.2115,281057
2024,594,60552,1096,普通类,综合类,一段,0.2154,281057
2024,593,61700,1148,普通类,综合类,一段,0.2195,281057
2024,592,62826,1126,普通类,综合类,一段,0.2235,281057
2024,591,63879,1053,普通类,综合类,一段,0.2273,281057
2024,590,64989,1110,普通类,综合类,一段,0.2312,281057
2024,589,66108,1119,普通类,综合类,一段,0.2352,281057
2024,588,67278,1170,普通类,综合类,一段,0.2394,281057
2024,587,68427,1149,普通类,综合类,一段,0.2435,281057
2024,586,69482,1055,普通类,综合类,一段,0.2472,281057
2024,585,70673,1191,普通类,综合类,一段,0.2515,281057
2024,584,71793,1120,普通类,综合类,一段,0.2554,281057
2024,583,72897,1104,普通类,综合类,一段,0.2594,281057
2024,582,74014,1117,普通类,综合类,一段,0.2633,281057
2024,581,75189,1175,普通类,综合类,一段,0.2675,281057
2024,580,76357,1168,普通类,综合类,一段,0.2717,281057
2024,579,77521,1164,普通类,综合类,一段,0.2758,281057
2024,578,78685,1164,普通类,综合类,一段,0.28,281057
2024,577,79785,1100,普通类,综合类,一段,0.2839,281057
2024,576,80941,1156,普通类,综合类,一段,0.288,281057
2024,575,82074,1133,普通类,综合类,一段,0.292,281057
2024,574,83216,1142,普通类,综合类,一段,0.2961,281057
2024,573,84434,1218,普通类,综合类,一段,0.3004,281057
2024,572,85567,1133,普通类,综合类,一段,0.3044,281057
2024,571,86723,1156,普通类,综合类,一段,0.3086,281057
2024,570,87874,1151,普通类,综合类,一段,0.3127,281057
2024,569,89008,1134,普通类,综合类,一段,0.3167,281057
2024,568,90200,1192,普通类,综合类,一段,0.3209,281057
2024,567,91401,1201,普通类,综合类,一段,0.3252,281057
2024,566,92583,1182,普通类,综合类,一段,0.3294,281057
2024,565,93773,1190,普通类,综合类,一段,0.3336,281057
2024,564,94935,1162,普通类,综合类,一段,0.3378,281057
2024,563,96123,1188,普通类,综合类,一段,0.342,281057
2024,562,97261,1138,普通类,综合类,一段,0.3461,281057
2024,561,98484,1223,普通类,综合类,一段,0.3504,281057
2024,560,99605,1121,普通类,综合类,一段,0.3544,281057
2024,559,100810,1205,普通类,综合类,一段,0.3587,281057
2024,558,102022,1212,普通类,综合类,一段,0.363,281057
2024,557,103166,1144,普通类,综合类,一段,0.3671,281057
2024,556,104399,1233,普通类,综合类,一段,0.3715,281057
2024,555,105580,1181,普通类,综合类,一段,0.3757,281057
2024,554,106792,1212,普通类,综合类,一段,0.38,281057
2024,553,108043,1251,普通类,综合类,一段,0.3844,281057
2024,552,109207,1164,普通类,综合类,一段,0.3886,281057
2024,551,110356,1149,普通类,综合类,一段,0.3926,281057
2024,550,111550,1194,普通类,综合类,一段,0.3969,281057
2024,549,112723,1173,普通类,综合类,一段,0.4011,281057
2024,548,113897,1174,普通类,综合类,一段,0.4052,281057
2024,547,115121,1224,普通类,综合类,一段,0.4096,281057
2024,546,116262,1141,普通类,综合类,一段,0.4137,281057
2024,545,117388,1126,普通类,综合类,一段,0.4177,281057
2024,544,118613,1225,普通类,综合类,一段,0.422,281057
2024,543,119811,1198,普通类,综合类,一段,0.4263,281057
2024,542,120947,1136,普通类,综合类,一段,0.4303,281057
2024,541,122088,1141,普通类,综合类,一段,0.4344,281057
2024,540,123299,1211,普通类,综合类,一段,0.4387,281057
2024,539,124529,1230,普通类,综合类,一段,0.4431,281057
2024,538,125644,1115,普通类,综合类,一段,0.447,281057
2024,537,126760,1116,普通类,综合类,一段,0.451,281057
2024,536,127959,1199,普通类,综合类,一段,0.4553,281057
2024,535,129108,1149,普通类,综合类,一段,0.4594,281057
2024,534,130262,1154,普通类,综合类,一段,0.4635,281057
2024,533,131410,1148,普通类,综合类,一段,0.4676,281057
2024,532,132571,1161,普通类,综合类,一段,0.4717,281057
2024,531,133720,1149,普通类,综合类,一段,0.4758,281057
2024,530,134888,1168,普通类,综合类,一段,0.4799,281057
2024,529,136047,1159,普通类,综合类,一段,0.4841,281057
2024,528,137276,1229,普通类,综合类,一段,0.4884,281057
2024,527,138463,1187,普通类,综合类,一段,0.4927,281057
2024,526,139629,1166,普通类,综合类,一段,0.4968,281057
2024,525,140831,1202,普通类,综合类,一段,0.5011,281057
2024,524,142020,1189,普通类,综合类,一段,0.5053,281057
2024,523,143138,1118,普通类,综合类,一段,0.5093,281057
2024,522,144339,1201,普通类,综合类,一段,0.5136,281057
2024,521,145558,1219,普通类,综合类,一段,0.5179,281057
2024,520,146720,1162,普通类,综合类,一段,0.522,281057
2024,519,147926,1206,普通类,综合类,一段,0.5263,281057
2024,518,149046,1120,普通类,综合类,一段,0.5303,281057
2024,517,150283,1237,普通类,综合类,一段,0.5347,281057
2024,516,151417,1134,普通类,综合类,一段,0.5387,281057
2024,515,152597,1180,普通类,综合类,一段,0.5429,281057
2024,514,153718,1121,普通类,综合类,一段,0.5469,281057
2024,513,154892,1174,普通类,综合类,一段,0.5511,281057
2024,512,156019,1127,普通类,综合类,一段,0.5551,281057
2024,511,157144,1125,普通类,综合类,一段,0.5591,281057
2024,510,158224,1080,普通类,综合类,一段,0.563,281057
2024,509,159347,1123,普通类,综合类,一段,0.567,281057
2024,508,160423,1076,普通类,综合类,一段,0.5708,281057
2024,507,161632,1209,普通类,综合类,一段,0.5751,281057
2024,506,162817,1185,普通类,综合类,一段,0.5793,281057
2024,505,163967,1150,普通类,综合类,一段,0.5834,281057
2024,504,165150,1183,普通类,综合类,一段,0.5876,281057
2024,503,166276,1126,普通类,综合类,一段,0.5916,281057
2024,502,167390,1114,普通类,综合类,一段,0.5956,281057
2024,501,168488,1098,普通类,综合类,一段,0.5995,281057
2024,500,169548,1060,普通类,综合类,一段,0.6033,281057
2024,499,170673,1125,普通类,综合类,一段,0.6073,281057
2024,498,171763,1090,普通类,综合类,一段,0.6111,281057
2024,497,172857,1094,普通类,综合类,一段,0.615,281057
2024,496,173879,1022,普通类,综合类,一段,0.6187,281057
2024,495,174889,1010,普通类,综合类,一段,0.6223,281057
2024,494,175935,1046,普通类,综合类,一段,0.626,281057
2024,493,176984,1049,普通类,综合类,一段,0.6297,281057
2024,492,178059,1075,普通类,综合类,一段,0.6335,281057
2024,491,179102,1043,普通类,综合类,一段,0.6372,281057
2024,490,180216,1114,普通类,综合类,一段,0.6412,281057
2024,489,181227,1011,普通类,综合类,一段,0.6448,281057
2024,488,182259,1032,普通类,综合类,一段,0.6485,281057
2024,487,183284,1025,普通类,综合类,一段,0.6521,281057
2024,486,184301,1017,普通类,综合类,一段,0.6557,281057
2024,485,185279,978,普通类,综合类,一段,0.6592,281057
2024,484,186257,978,普通类,综合类,一段,0.6627,281057
2024,483,187304,1047,普通类,综合类,一段,0.6664,281057
2024,482,188274,970,普通类,综合类,一段,0.6699,281057
2024,481,189277,1003,普通类,综合类,一段,0.6734,281057
2024,480,190301,1024,普通类,综合类,一段,0.6771,281057
2024,479,191297,996,普通类,综合类,一段,0.6806,281057
2024,478,192252,955,普通类,综合类,一段,0.684,281057
2024,477,193212,960,普通类,综合类,一段,0.6874,281057
2024,476,194202,990,普通类,综合类,一段,0.691,281057
2024,475,195193,991,普通类,综合类,一段,0.6945,281057
2024,474,196160,967,普通类,综合类,一段,0.6979,281057
2024,473,197037,877,普通类,综合类,一段,0.7011,281057
2024,472,197948,911,普通类,综合类,一段,0.7043,281057
2024,471,198840,892,普通类,综合类,一段,0.7075,281057
2024,470,199744,904,普通类,综合类,一段,0.7107,281057
2024,469,200675,931,普通类,综合类,一段,0.714,281057
2024,468,201563,888,普通类,综合类,一段,0.7172,281057
2024,467,202451,888,普通类,综合类,一段,0.7203,281057
2024,466,203367,916,普通类,综合类,一段,0.7236,281057
2024,465,204251,884,普通类,综合类,一段,0.7267,281057
2024,464,205186,935,普通类,综合类,一段,0.7301,281057
2024,463,205952,766,普通类,综合类,一段,0.7328,281057
2024,462,206774,822,普通类,综合类,一段,0.7357,281057
2024,461,207638,864,普通类,综合类,一段,0.7388,281057
2024,460,208490,852,普通类,综合类,一段,0.7418,281057
2024,459,209298,808,普通类,综合类,一段,0.7447,281057
2024,458,210135,837,普通类,综合类,一段,0.7477,281057
2024,457,210951,816,普通类,综合类,一段,0.7506,281057
2024,456,211759,808,普通类,综合类,一段,0.7534,281057
2024,455,212611,852,普通类,综合类,一段,0.7565,281057
2024,454,213416,805,普通类,综合类,一段,0.7593,281057
2024,453,214219,803,普通类,综合类,一段,0.7622,281057
2024,452,214982,763,普通类,综合类,一段,0.7649,281057
2024,451,215741,759,普通类,综合类,一段,0.7676,281057
2024,450,216519,778,普通类,综合类,一段,0.7704,281057
2024,449,217319,800,普通类,综合类,一段,0.7732,281057
2024,448,218121,802,普通类,综合类,一段,0.7761,281057
2024,447,218876,755,普通类,综合类,一段,0.7788,281057
2024,446,219636,760,普通类,综合类,一段,0.7815,281057
2024,445,220349,713,普通类,综合类,一段,0.784,281057
2024,444,221080,731,普通类,综合类,一段,0.7866,281057
2024,443,221799,719,普通类,综合类,一段,0.7892,281057
2024,442,222476,677,普通类,综合类,一段,0.7916,281057
2024,441,223223,747,普通类,综合类,一段,0.7942,281057
2024,440,223968,745,普通类,综合类,一段,0.7969,281057
2024,439,224675,707,普通类,综合类,一段,0.7994,281057
2024,438,225355,680,普通类,综合类,一段,0.8018,281057
2024,437,226038,683,普通类,综合类,一段,0.8042,281057
2024,436,226745,707,普通类,综合类,一段,0.8068,281057
2024,435,227414,669,普通类,综合类,一段,0.8091,281057
2024,434,228090,676,普通类,综合类,一段,0.8115,281057
2024,433,228741,651,普通类,综合类,一段,0.8139,281057
2024,432,229394,653,普通类,综合类,一段,0.8162,281057
2024,431,230077,683,普通类,综合类,一段,0.8186,281057
2024,430,230716,639,普通类,综合类,一段,0.8209,281057
2024,429,231377,661,普通类,综合类,一段,0.8232,281057
2024,428,232000,623,普通类,综合类,一段,0.8255,281057
2024,427,232620,620,普通类,综合类,一段,0.8277,281057
2024,426,233237,617,普通类,综合类,一段,0.8299,281057
2024,425,233874,637,普通类,综合类,一段,0.8321,281057
2024,424,234550,676,普通类,综合类,一段,0.8345,281057
2024,423,235150,600,普通类,综合类,一段,0.8367,281057
2024,422,235792,642,普通类,综合类,一段,0.8389,281057
2024,421,236392,600,普通类,综合类,一段,0.8411,281057
2024,420,236974,582,普通类,综合类,一段,0.8432,281057
2024,419,237568,594,普通类,综合类,一段,0.8453,281057
2024,418,238162,594,普通类,综合类,一段,0.8474,281057
2024,417,238715,553,普通类,综合类,一段,0.8493,281057
2024,416,239296,581,普通类,综合类,一段,0.8514,281057
2024,415,239861,565,普通类,综合类,一段,0.8534,281057
2024,414,240465,604,普通类,综合类,一段,0.8556,281057
2024,413,241030,565,普通类,综合类,一段,0.8576,281057
2024,412,241608,578,普通类,综合类,一段,0.8596,281057
2024,411,242129,521,普通类,综合类,一段,0.8615,281057
2024,410,242740,611,普通类,综合类,一段,0.8637,281057
2024,409,243296,556,普通类,综合类,一段,0.8656,281057
2024,408,243842,546,普通类,综合类,一段,0.8676,281057
2024,407,244353,511,普通类,综合类,一段,0.8694,281057
2024,406,244904,551,普通类,综合类,一段,0.8714,281057
2024,405,245447,543,普通类,综合类,一段,0.8733,281057
2024,404,245955,508,普通类,综合类,一段,0.8751,281057
2024,403,246483,528,普通类,综合类,一段,0.877,281057
2024,402,247007,524,普通类,综合类,一段,0.8789,281057
2024,401,247510,503,普通类,综合类,一段,0.8806,281057
2024,400,248007,497,普通类,综合类,一段,0.8824,281057
2024,399,248477,470,普通类,综合类,一段,0.8841,281057
2024,398,248953,476,普通类,综合类,一段,0.8858,281057
2024,397,249421,468,普通类,综合类,一段,0.8874,281057
2024,396,249883,462,普通类,综合类,一段,0.8891,281057
2024,395,250366,483,普通类,综合类,一段,0.8908,281057
2024,394,250808,442,普通类,综合类,一段,0.8924,281057
2024,393,251263,455,普通类,综合类,一段,0.894,281057
2024,392,251741,478,普通类,综合类,一段,0.8957,281057
2024,391,252188,447,普通类,综合类,一段,0.8973,281057
2024,390,252642,454,普通类,综合类,一段,0.8989,281057
2024,389,253072,430,普通类,综合类,一段,0.9004,281057
2024,388,253513,441,普通类,综合类,一段,0.902,281057
2024,387,253930,417,普通类,综合类,一段,0.9035,281057
2024,386,254362,432,普通类,综合类,一段,0.905,281057
2024,385,254795,433,普通类,综合类,一段,0.9066,281057
2024,384,255215,420,普通类,综合类,一段,0.9081,281057
2024,383,255602,387,普通类,综合类,一段,0.9094,281057
2024,382,256040,438,普通类,综合类,一段,0.911,281057
2024,381,256441,401,普通类,综合类,一段,0.9124,281057
2024,380,256833,392,普通类,综合类,一段,0.9138,281057
2024,379,257257,424,普通类,综合类,一段,0.9153,281057
2024,378,257640,383,普通类,综合类,一段,0.9167,281057
2024,377,257990,350,普通类,综合类,一段,0.9179,281057
2024,376,258356,366,普通类,综合类,一段,0.9192,281057
2024,375,258711,355,普通类,综合类,一段,0.9205,281057
2024,374,259105,394,普通类,综合类,一段,0.9219,281057
2024,373,259472,367,普通类,综合类,一段,0.9232,281057
2024,372,259840,368,普通类,综合类,一段,0.9245,281057
2024,371,260202,362,普通类,综合类,一段,0.9258,281057
2024,370,260568,366,普通类,综合类,一段,0.9271,281057
2024,369,260896,328,普通类,综合类,一段,0.9283,281057
2024,368,261267,371,普通类,综合类,一段,0.9296,281057
2024,367,261578,311,普通类,综合类,一段,0.9307,281057
2024,366,261892,314,普通类,综合类,一段,0.9318,281057
2024,365,262270,378,普通类,综合类,一段,0.9332,281057
2024,364,262616,346,普通类,综合类,一段,0.9344,281057
2024,363,262952,336,普通类,综合类,一段,0.9356,281057
2024,362,263258,306,普通类,综合类,一段,0.9367,281057
2024,361,263582,324,普通类,综合类,一段,0.9378,281057
2024,360,263881,299,普通类,综合类,一段,0.9389,281057
2024,359,264197,316,普通类,综合类,一段,0.94,281057
2024,358,264498,301,普通类,综合类,一段,0.9411,281057
2024,357,264816,318,普通类,综合类,一段,0.9422,281057
2024,356,265066,250,普通类,综合类,一段,0.9431,281057
2024,355,265356,290,普通类,综合类,一段,0.9441,281057
2024,354,265618,262,普通类,综合类,一段,0.9451,281057
2024,353,265880,262,普通类,综合类,一段,0.946,281057
2024,352,266175,295,普通类,综合类,一段,0.947,281057
2024,351,266441,266,普通类,综合类,一段,0.948,281057
2024,350,266709,268,普通类,综合类,一段,0.9489,281057
2024,349,266954,245,普通类,综合类,一段,0.9498,281057
2024,348,267229,275,普通类,综合类,一段,0.9508,281057
2024,347,267494,265,普通类,综合类,一段,0.9517,281057
2024,346,267778,284,普通类,综合类,一段,0.9528,281057
2024,345,268033,255,普通类,综合类,一段,0.9537,281057
2024,344,268310,277,普通类,综合类,一段,0.9546,281057
2024,343,268561,251,普通类,综合类,一段,0.9555,281057
2024,342,268811,250,普通类,综合类,一段,0.9564,281057
2024,341,269052,241,普通类,综合类,一段,0.9573,281057
2024,340,269274,222,普通类,综合类,一段,0.9581,281057
2024,339,269483,209,普通类,综合类,一段,0.9588,281057
2024,338,269709,226,普通类,综合类,一段,0.9596,281057
2024,337,269919,210,普通类,综合类,一段,0.9604,281057
2024,336,270118,199,普通类,综合类,一段,0.9611,281057
2024,335,270332,214,普通类,综合类,一段,0.9618,281057
2024,334,270557,225,普通类,综合类,一段,0.9626,281057
2024,333,270789,232,普通类,综合类,一段,0.9635,281057
2024,332,270989,200,普通类,综合类,一段,0.9642,281057
2024,331,271185,196,普通类,综合类,一段,0.9649,281057
2024,330,271364,179,普通类,综合类,一段,0.9655,281057
2024,329,271561,197,普通类,综合类,一段,0.9662,281057
2024,328,271746,185,普通类,综合类,一段,0.9669,281057
2024,327,271917,171,普通类,综合类,一段,0.9675,281057
2024,326,272100,183,普通类,综合类,一段,0.9681,281057
2024,325,272295,195,普通类,综合类,一段,0.9688,281057
2024,324,272475,180,普通类,综合类,一段,0.9695,281057
2024,323,272670,195,普通类,综合类,一段,0.9702,281057
2024,322,272839,169,普通类,综合类,一段,0.9708,281057
2024,321,272980,141,普通类,综合类,一段,0.9713,281057
2024,320,273154,174,普通类,综合类,一段,0.9719,281057
2024,319,273296,142,普通类,综合类,一段,0.9724,281057
2024,318,273444,148,普通类,综合类,一段,0.9729,281057
2024,317,273608,164,普通类,综合类,一段,0.9735,281057
2024,316,273754,146,普通类,综合类,一段,0.974,281057
2024,315,273924,170,普通类,综合类,一段,0.9746,281057
2024,314,274081,157,普通类,综合类,一段,0.9752,281057
2024,313,274235,154,普通类,综合类,一段,0.9757,281057
2024,312,274379,144,普通类,综合类,一段,0.9762,281057
2024,311,274520,141,普通类,综合类,一段,0.9767,281057
2024,310,274672,152,普通类,综合类,一段,0.9773,281057
2024,309,274808,136,普通类,综合类,一段,0.9778,281057
2024,308,274947,139,普通类,综合类,一段,0.9783,281057
2024,307,275090,143,普通类,综合类,一段,0.9788,281057
2024,306,275253,163,普通类,综合类,一段,0.9793,281057
2024,305,275390,137,普通类,综合类,一段,0.9798,281057
2024,304,275529,139,普通类,综合类,一段,0.9803,281057
2024,303,275670,141,普通类,综合类,一段,0.9808,281057
2024,302,275818,148,普通类,综合类,一段,0.9814,281057
2024,301,275953,135,普通类,综合类,一段,0.9818,281057
2024,300,276083,130,普通类,综合类,一段,0.9823,281057
2024,299,276233,150,普通类,综合类,一段,0.9828,281057
2024,298,276368,135,普通类,综合类,一段,0.9833,281057
2024,297,276503,135,普通类,综合类,一段,0.9838,281057
2024,296,276661,158,普通类,综合类,一段,0.9844,281057
2024,295,276811,150,普通类,综合类,一段,0.9849,281057
2024,294,276945,134,普通类,综合类,一段,0.9854,281057
2024,293,277098,153,普通类,综合类,一段,0.9859,281057
2024,292,277221,123,普通类,综合类,一段,0.9864,281057
2024,291,277353,132,普通类,综合类,一段,0.9868,281057
2024,290,277499,146,普通类,综合类,一段,0.9873,281057
2024,289,277641,142,普通类,综合类,一段,0.9878,281057
2024,288,277801,160,普通类,综合类,一段,0.9884,281057
2024,287,277970,169,普通类,综合类,一段,0.989,281057
2024,286,278113,143,普通类,综合类,一段,0.9895,281057
2024,285,278273,160,普通类,综合类,一段,0.9901,281057
2024,284,278437,164,普通类,综合类,一段,0.9907,281057
2024,283,278616,179,普通类,综合类,一段,0.9913,281057
2024,282,278802,186,普通类,综合类,一段,0.992,281057
2024,281,278976,174,普通类,综合类,一段,0.9926,281057
2024,280,279148,172,普通类,综合类,一段,0.9932,281057
2024,279,279313,165,普通类,综合类,一段,0.9938,281057
2024,278,279485,172,普通类,综合类,一段,0.9944,281057
2024,277,279648,163,普通类,综合类,一段,0.995,281057
2024,276,279836,188,普通类,综合类,一段,0.9957,281057
2024,275,280014,178,普通类,综合类,一段,0.9963,281057
2024,274,280192,178,普通类,综合类,一段,0.9969,281057
2024,273,280352,160,普通类,综合类,一段,0.9975,281057
2024,272,280523,171,普通类,综合类,一段,0.9981,281057
2024,271,280697,174,普通类,综合类,一段,0.9987,281057
2024,270,280865,168,普通类,综合类,一段,0.9993,281057
2024,269,281057,192,普通类,综合类,一段,1.0,281057
2025,693,343,343,普通类,综合类,一段,0.0012,290790
2025,692,395,52,普通类,综合类,一段,0.0014,290790
2025,691,446,51,普通类,综合类,一段,0.0015,290790
2025,690,513,67,普通类,综合类,一段,0.0018,290790
2025,689,593,80,普通类,综合类,一段,0.002,290790
2025,688,667,74,普通类,综合类,一段,0.0023,290790
2025,687,747,80,普通类,综合类,一段,0.0026,290790
2025,686,857,110,普通类,综合类,一段,0.0029,290790
2025,685,957,100,普通类,综合类,一段,0.0033,290790
2025,684,1093,136,普通类,综合类,一段,0.0038,290790
2025,683,1228,135,普通类,综合类,一段,0.0042,290790
2025,682,1346,118,普通类,综合类,一段,0.0046,290790
2025,681,1472,126,普通类,综合类,一段,0.0051,290790
2025,680,1617,145,普通类,综合类,一段,0.0056,290790
2025,679,1762,145,普通类,综合类,一段,0.0061,290790
2025,678,1934,172,普通类,综合类,一段,0.0067,290790
2025,677,2117,183,普通类,综合类,一段,0.0073,290790
2025,676,2314,197,普通类,综合类,一段,0.008,290790
2025,675,2541,227,普通类,综合类,一段,0.0087,290790
2025,674,2741,200,普通类,综合类,一段,0.0094,290790
2025,673,2969,228,普通类,综合类,一段,0.0102,290790
2025,672,3184,215,普通类,综合类,一段,0.0109,290790
2025,671,3437,253,普通类,综合类,一段,0.0118,290790
2025,670,3718,281,普通类,综合类,一段,0.0128,290790
2025,669,4015,297,普通类,综合类,一段,0.0138,290790
2025,668,4302,287,普通类,综合类,一段,0.0148,290790
2025,667,4604,302,普通类,综合类,一段,0.0158,290790
2025,666,4910,306,普通类,综合类,一段,0.0169,290790
2025,665,5194,284,普通类,综合类,一段,0.0179,290790
2025,664,5501,307,普通类,综合类,一段,0.0189,290790
2025,663,5863,362,普通类,综合类,一段,0.0202,290790
2025,662,6226,363,普通类,综合类,一段,0.0214,290790
2025,661,6612,386,普通类,综合类,一段,0.0227,290790
2025,660,6995,383,普通类,综合类,一段,0.0241,290790
2025,659,7330,335,普通类,综合类,一段,0.0252,290790
2025,658,7761,431,普通类,综合类,一段,0.0267,290790
2025,657,8163,402,普通类,综合类,一段,0.0281,290790
2025,656,8584,421,普通类,综合类,一段,0.0295,290790
2025,655,9037,453,普通类,综合类,一段,0.0311,290790
2025,654,9488,451,普通类,综合类,一段,0.0326,290790
2025,653,9924,436,普通类,综合类,一段,0.0341,290790
2025,652,10365,441,普通类,综合类,一段,0.0356,290790
2025,651,10810,445,普通类,综合类,一段,0.0372,290790
2025,650,11301,491,普通类,综合类,一段,0.0389,290790
2025,649,11784,483,普通类,综合类,一段,0.0405,290790
2025,648,12308,524,普通类,综合类,一段,0.0423,290790
2025,647,12852,544,普通类,综合类,一段,0.0442,290790
2025,646,13406,554,普通类,综合类,一段,0.0461,290790
2025,645,13941,535,普通类,综合类,一段,0.0479,290790
2025,644,14489,548,普通类,综合类,一段,0.0498,290790
2025,643,15035,546,普通类,综合类,一段,0.0517,290790
2025,642,15626,591,普通类,综合类,一段,0.0537,290790
2025,641,16192,566,普通类,综合类,一段,0.0557,290790
2025,640,16817,625,普通类,综合类,一段,0.0578,290790
2025,639,17433,616,普通类,综合类,一段,0.06,290790
2025,638,18134,701,普通类,综合类,一段,0.0624,290790
2025,637,18815,681,普通类,综合类,一段,0.0647,290790
2025,636,19448,633,普通类,综合类,一段,0.0669,290790
2025,635,20114,666,普通类,综合类,一段,0.0692,290790
2025,634,20890,776,普通类,综合类,一段,0.0718,290790
2025,633,21651,761,普通类,综合类,一段,0.0745,290790
2025,632,22365,714,普通类,综合类,一段,0.0769,290790
2025,631,23127,762,普通类,综合类,一段,0.0795,290790
2025,630,23836,709,普通类,综合类,一段,0.082,290790
2025,629,24600,764,普通类,综合类,一段,0.0846,290790
2025,628,25365,765,普通类,综合类,一段,0.0872,290790
2025,627,26164,799,普通类,综合类,一段,0.09,290790
2025,626,27005,841,普通类,综合类,一段,0.0929,290790
2025,625,27798,793,普通类,综合类,一段,0.0956,290790
2025,624,28606,808,普通类,综合类,一段,0.0984,290790
2025,623,29480,874,普通类,综合类,一段,0.1014,290790
2025,622,30381,901,普通类,综合类,一段,0.1045,290790
2025,621,31221,840,普通类,综合类,一段,0.1074,290790
2025,620,32114,893,普通类,综合类,一段,0.1104,290790
2025,619,33035,921,普通类,综合类,一段,0.1136,290790
2025,618,33926,891,普通类,综合类,一段,0.1167,290790
2025,617,34876,950,普通类,综合类,一段,0.1199,290790
2025,616,35870,994,普通类,综合类,一段,0.1234,290790
2025,615,36835,965,普通类,综合类,一段,0.1267,290790
2025,614,37785,950,普通类,综合类,一段,0.1299,290790
2025,613,38811,1026,普通类,综合类,一段,0.1335,290790
2025,612,39811,1000,普通类,综合类,一段,0.1369,290790
2025,611,40819,1008,普通类,综合类,一段,0.1404,290790
2025,610,41842,1023,普通类,综合类,一段,0.1439,290790
2025,609,42849,1007,普通类,综合类,一段,0.1474,290790
2025,608,43942,1093,普通类,综合类,一段,0.1511,290790
2025,607,45001,1059,普通类,综合类,一段,0.1548,290790
2025,606,46041,1040,普通类,综合类,一段,0.1583,290790
2025,605,47051,1010,普通类,综合类,一段,0.1618,290790
2025,604,48104,1053,普通类,综合类,一段,0.1654,290790
2025,603,49197,1093,普通类,综合类,一段,0.1692,290790
2025,602,50295,1098,普通类,综合类,一段,0.173,290790
2025,601,51406,1111,普通类,综合类,一段,0.1768,290790
2025,600,52529,1123,普通类,综合类,一段,0.1806,290790
2025,599,53612,1083,普通类,综合类,一段,0.1844,290790
2025,598,54726,1114,普通类,综合类,一段,0.1882,290790
2025,597,55840,1114,普通类,综合类,一段,0.192,290790
2025,596,57019,1179,普通类,综合类,一段,0.1961,290790
2025,595,58143,1124,普通类,综合类,一段,0.1999,290790
2025,594,59273,1130,普通类,综合类,一段,0.2038,290790
2025,593,60413,1140,普通类,综合类,一段,0.2078,290790
2025,592,61619,1206,普通类,综合类,一段,0.2119,290790
2025,591,62803,1184,普通类,综合类,一段,0.216,290790
2025,590,63956,1153,普通类,综合类,一段,0.2199,290790
2025,589,65138,1182,普通类,综合类,一段,0.224,290790
2025,588,66345,1207,普通类,综合类,一段,0.2282,290790
2025,587,67576,1231,普通类,综合类,一段,0.2324,290790
2025,586,68790,1214,普通类,综合类,一段,0.2366,290790
2025,585,70025,1235,普通类,综合类,一段,0.2408,290790
2025,584,71267,1242,普通类,综合类,一段,0.2451,290790
2025,583,72440,1173,普通类,综合类,一段,0.2491,290790
2025,582,73645,1205,普通类,综合类,一段,0.2533,290790
2025,581,74834,1189,普通类,综合类,一段,0.2573,290790
2025,580,76084,1250,普通类,综合类,一段,0.2616,290790
2025,579,77327,1243,普通类,综合类,一段,0.2659,290790
2025,578,78531,1204,普通类,综合类,一段,0.2701,290790
2025,577,79803,1272,普通类,综合类,一段,0.2744,290790
2025,576,80989,1186,普通类,综合类,一段,0.2785,290790
2025,575,82192,1203,普通类,综合类,一段,0.2827,290790
2025,574,83385,1193,普通类,综合类,一段,0.2868,290790
2025,573,84608,1223,普通类,综合类,一段,0.291,290790
2025,572,85792,1184,普通类,综合类,一段,0.295,290790
2025,571,87006,1214,普通类,综合类,一段,0.2992,290790
2025,570,88225,1219,普通类,综合类,一段,0.3034,290790
2025,569,89443,1218,普通类,综合类,一段,0.3076,290790
2025,568,90631,1188,普通类,综合类,一段,0.3117,290790
2025,567,91868,1237,普通类,综合类,一段,0.3159,290790
2025,566,93029,1161,普通类,综合类,一段,0.3199,290790
2025,565,94299,1270,普通类,综合类,一段,0.3243,290790
2025,564,95529,1230,普通类,综合类,一段,0.3285,290790
2025,563,96769,1240,普通类,综合类,一段,0.3328,290790
2025,562,98035,1266,普通类,综合类,一段,0.3371,290790
2025,561,99218,1183,普通类,综合类,一段,0.3412,290790
2025,560,100479,1261,普通类,综合类,一段,0.3455,290790
2025,559,101665,1186,普通类,综合类,一段,0.3496,290790
2025,558,102929,1264,普通类,综合类,一段,0.354,290790
2025,557,104123,1194,普通类,综合类,一段,0.3581,290790
2025,556,105346,1223,普通类,综合类,一段,0.3623,290790
2025,555,106509,1163,普通类,综合类,一段,0.3663,290790
2025,554,107736,1227,普通类,综合类,一段,0.3705,290790
2025,553,108985,1249,普通类,综合类,一段,0.3748,290790
2025,552,110269,1284,普通类,综合类,一段,0.3792,290790
2025,551,111482,1213,普通类,综合类,一段,0.3834,290790
2025,550,112672,1190,普通类,综合类,一段,0.3875,290790
2025,549,113980,1308,普通类,综合类,一段,0.392,290790
2025,548,115236,1256,普通类,综合类,一段,0.3963,290790
2025,547,116520,1284,普通类,综合类,一段,0.4007,290790
2025,546,117730,1210,普通类,综合类,一段,0.4049,290790
2025,545,118977,1247,普通类,综合类,一段,0.4092,290790
2025,544,120176,1199,普通类,综合类,一段,0.4133,290790
2025,543,121418,1242,普通类,综合类,一段,0.4175,290790
2025,542,122712,1294,普通类,综合类,一段,0.422,290790
2025,541,123986,1274,普通类,综合类,一段,0.4264,290790
2025,540,125245,1259,普通类,综合类,一段,0.4307,290790
2025,539,126489,1244,普通类,综合类,一段,0.435,290790
2025,538,127702,1213,普通类,综合类,一段,0.4392,290790
2025,537,128920,1218,普通类,综合类,一段,0.4433,290790
2025,536,130146,1226,普通类,综合类,一段,0.4476,290790
2025,535,131398,1252,普通类,综合类,一段,0.4519,290790
2025,534,132625,1227,普通类,综合类,一段,0.4561,290790
2025,533,133791,1166,普通类,综合类,一段,0.4601,290790
2025,532,135046,1255,普通类,综合类,一段,0.4644,290790
2025,531,136302,1256,普通类,综合类,一段,0.4687,290790
2025,530,137576,1274,普通类,综合类,一段,0.4731,290790
2025,529,138775,1199,普通类,综合类,一段,0.4772,290790
2025,528,139942,1167,普通类,综合类,一段,0.4812,290790
2025,527,141125,1183,普通类,综合类,一段,0.4853,290790
2025,526,142327,1202,普通类,综合类,一段,0.4894,290790
2025,525,143456,1129,普通类,综合类,一段,0.4933,290790
2025,524,144669,1213,普通类,综合类,一段,0.4975,290790
2025,523,145937,1268,普通类,综合类,一段,0.5019,290790
2025,522,147124,1187,普通类,综合类,一段,0.5059,290790
2025,521,148397,1273,普通类,综合类,一段,0.5103,290790
2025,520,149572,1175,普通类,综合类,一段,0.5144,290790
2025,519,150846,1274,普通类,综合类,一段,0.5187,290790
2025,518,152037,1191,普通类,综合类,一段,0.5228,290790
2025,517,153310,1273,普通类,综合类,一段,0.5272,290790
2025,516,154495,1185,普通类,综合类,一段,0.5313,290790
2025,515,155707,1212,普通类,综合类,一段,0.5355,290790
2025,514,156842,1135,普通类,综合类,一段,0.5394,290790
2025,513,158030,1188,普通类,综合类,一段,0.5435,290790
2025,512,159194,1164,普通类,综合类,一段,0.5475,290790
2025,511,160384,1190,普通类,综合类,一段,0.5515,290790
2025,510,161593,1209,普通类,综合类,一段,0.5557,290790
2025,509,162728,1135,普通类,综合类,一段,0.5596,290790
2025,508,163898,1170,普通类,综合类,一段,0.5636,290790
2025,507,165101,1203,普通类,综合类,一段,0.5678,290790
2025,506,166262,1161,普通类,综合类,一段,0.5718,290790
2025,505,167421,1159,普通类,综合类,一段,0.5757,290790
2025,504,168593,1172,普通类,综合类,一段,0.5798,290790
2025,503,169717,1124,普通类,综合类,一段,0.5836,290790
2025,502,170889,1172,普通类,综合类,一段,0.5877,290790
2025,501,172010,1121,普通类,综合类,一段,0.5915,290790
2025,500,173134,1124,普通类,综合类,一段,0.5954,290790
2025,499,174362,1228,普通类,综合类,一段,0.5996,290790
2025,498,175451,1089,普通类,综合类,一段,0.6034,290790
2025,497,176563,1112,普通类,综合类,一段,0.6072,290790
2025,496,177704,1141,普通类,综合类,一段,0.6111,290790
2025,495,178870,1166,普通类,综合类,一段,0.6151,290790
2025,494,180003,1133,普通类,综合类,一段,0.619,290790
2025,493,181112,1109,普通类,综合类,一段,0.6228,290790
2025,492,182258,1146,普通类,综合类,一段,0.6268,290790
2025,491,183301,1043,普通类,综合类,一段,0.6304,290790
2025,490,184372,1071,普通类,综合类,一段,0.634,290790
2025,489,185464,1092,普通类,综合类,一段,0.6378,290790
2025,488,186576,1112,普通类,综合类,一段,0.6416,290790
2025,487,187636,1060,普通类,综合类,一段,0.6453,290790
2025,486,188688,1052,普通类,综合类,一段,0.6489,290790
2025,485,189770,1082,普通类,综合类,一段,0.6526,290790
2025,484,190798,1028,普通类,综合类,一段,0.6561,290790
2025,483,191901,1103,普通类,综合类,一段,0.6599,290790
2025,482,192932,1031,普通类,综合类,一段,0.6635,290790
2025,481,193949,1017,普通类,综合类,一段,0.667,290790
2025,480,194962,1013,普通类,综合类,一段,0.6705,290790
2025,479,195964,1002,普通类,综合类,一段,0.6739,290790
2025,478,196959,995,普通类,综合类,一段,0.6773,290790
2025,477,197988,1029,普通类,综合类,一段,0.6809,290790
2025,476,198979,991,普通类,综合类,一段,0.6843,290790
2025,475,199963,984,普通类,综合类,一段,0.6877,290790
2025,474,200964,1001,普通类,综合类,一段,0.6911,290790
2025,473,201929,965,普通类,综合类,一段,0.6944,290790
2025,472,202888,959,普通类,综合类,一段,0.6977,290790
2025,471,203848,960,普通类,综合类,一段,0.701,290790
2025,470,204772,924,普通类,综合类,一段,0.7042,290790
2025,469,205725,953,普通类,综合类,一段,0.7075,290790
2025,468,206643,918,普通类,综合类,一段,0.7106,290790
2025,467,207623,980,普通类,综合类,一段,0.714,290790
2025,466,208543,920,普通类,综合类,一段,0.7172,290790
2025,465,209501,958,普通类,综合类,一段,0.7205,290790
2025,464,210412,911,普通类,综合类,一段,0.7236,290790
2025,463,211325,913,普通类,综合类,一段,0.7267,290790
2025,462,212196,871,普通类,综合类,一段,0.7297,290790
2025,461,213063,867,普通类,综合类,一段,0.7327,290790
2025,460,213914,851,普通类,综合类,一段,0.7356,290790
2025,459,214791,877,普通类,综合类,一段,0.7386,290790
2025,458,215635,844,普通类,综合类,一段,0.7415,290790
2025,457,216518,883,普通类,综合类,一段,0.7446,290790
2025,456,217387,869,普通类,综合类,一段,0.7476,290790
2025,455,218243,856,普通类,综合类,一段,0.7505,290790
2025,454,219114,871,普通类,综合类,一段,0.7535,290790
2025,453,219976,862,普通类,综合类,一段,0.7565,290790
2025,452,220779,803,普通类,综合类,一段,0.7592,290790
2025,451,221591,812,普通类,综合类,一段,0.762,290790
2025,450,222417,826,普通类,综合类,一段,0.7649,290790
2025,449,223225,808,普通类,综合类,一段,0.7677,290790
2025,448,223981,756,普通类,综合类,一段,0.7703,290790
2025,447,224734,753,普通类,综合类,一段,0.7728,290790
2025,446,225499,765,普通类,综合类,一段,0.7755,290790
2025,445,226282,783,普通类,综合类,一段,0.7782,290790
2025,444,227042,760,普通类,综合类,一段,0.7808,290790
2025,443,227812,770,普通类,综合类,一段,0.7834,290790
2025,442,228586,774,普通类,综合类,一段,0.7861,290790
2025,441,229313,727,普通类,综合类,一段,0.7886,290790
2025,440,230003,690,普通类,综合类,一段,0.791,290790
2025,439,230723,720,普通类,综合类,一段,0.7934,290790
2025,438,231464,741,普通类,综合类,一段,0.796,290790
2025,437,232172,708,普通类,综合类,一段,0.7984,290790
2025,436,232866,694,普通类,综合类,一段,0.8008,290790
2025,435,233553,687,普通类,综合类,一段,0.8032,290790
2025,434,234254,701,普通类,综合类,一段,0.8056,290790
2025,433,234973,719,普通类,综合类,一段,0.8081,290790
2025,432,235618,645,普通类,综合类,一段,0.8103,290790
2025,431,236330,712,普通类,综合类,一段,0.8127,290790
2025,430,237023,693,普通类,综合类,一段,0.8151,290790
2025,429,237729,706,普通类,综合类,一段,0.8175,290790
2025,428,238373,644,普通类,综合类,一段,0.8197,290790
2025,427,239016,643,普通类,综合类,一段,0.822,290790
2025,426,239687,671,普通类,综合类,一段,0.8243,290790
2025,425,240350,663,普通类,综合类,一段,0.8265,290790
2025,424,240966,616,普通类,综合类,一段,0.8287,290790
2025,423,241578,612,普通类,综合类,一段,0.8308,290790
2025,422,242196,618,普通类,综合类,一段,0.8329,290790
2025,421,242810,614,普通类,综合类,一段,0.835,290790
2025,420,243458,648,普通类,综合类,一段,0.8372,290790
2025,419,244106,648,普通类,综合类,一段,0.8395,290790
2025,418,244670,564,普通类,综合类,一段,0.8414,290790
2025,417,245257,587,普通类,综合类,一段,0.8434,290790
2025,416,245828,571,普通类,综合类,一段,0.8454,290790
2025,415,246361,533,普通类,综合类,一段,0.8472,290790
2025,414,246944,583,普通类,综合类,一段,0.8492,290790
2025,413,247511,567,普通类,综合类,一段,0.8512,290790
2025,412,248049,538,普通类,综合类,一段,0.853,290790
2025,411,248653,604,普通类,综合类,一段,0.8551,290790
2025,410,249217,564,普通类,综合类,一段,0.857,290790
2025,409,249784,567,普通类,综合类,一段,0.859,290790
2025,408,250301,517,普通类,综合类,一段,0.8608,290790
2025,407,250871,570,普通类,综合类,一段,0.8627,290790
2025,406,251460,589,普通类,综合类,一段,0.8647,290790
2025,405,252007,547,普通类,综合类,一段,0.8666,290790
2025,404,252525,518,普通类,综合类,一段,0.8684,290790
2025,403,253041,516,普通类,综合类,一段,0.8702,290790
2025,402,253541,500,普通类,综合类,一段,0.8719,290790
2025,401,254038,497,普通类,综合类,一段,0.8736,290790
2025,400,254556,518,普通类,综合类,一段,0.8754,290790
2025,399,255080,524,普通类,综合类,一段,0.8772,290790
2025,398,255601,521,普通类,综合类,一段,0.879,290790
2025,397,256075,474,普通类,综合类,一段,0.8806,290790
2025,396,256610,535,普通类,综合类,一段,0.8825,290790
2025,395,257072,462,普通类,综合类,一段,0.884,290790
2025,394,257570,498,普通类,综合类,一段,0.8858,290790
2025,393,258075,505,普通类,综合类,一段,0.8875,290790
2025,392,258581,506,普通类,综合类,一段,0.8892,290790
2025,391,259043,462,普通类,综合类,一段,0.8908,290790
2025,390,259516,473,普通类,综合类,一段,0.8925,290790
2025,389,259978,462,普通类,综合类,一段,0.894,290790
2025,388,260443,465,普通类,综合类,一段,0.8956,290790
2025,387,260880,437,普通类,综合类,一段,0.8971,290790
2025,386,261338,458,普通类,综合类,一段,0.8987,290790
2025,385,261742,404,普通类,综合类,一段,0.9001,290790
2025,384,262176,434,普通类,综合类,一段,0.9016,290790
2025,383,262587,411,普通类,综合类,一段,0.903,290790
2025,382,262997,410,普通类,综合类,一段,0.9044,290790
2025,381,263435,438,普通类,综合类,一段,0.9059,290790
2025,380,263831,396,普通类,综合类,一段,0.9073,290790
2025,379,264239,408,普通类,综合类,一段,0.9087,290790
2025,378,264679,440,普通类,综合类,一段,0.9102,290790
2025,377,265112,433,普通类,综合类,一段,0.9117,290790
2025,376,265510,398,普通类,综合类,一段,0.9131,290790
2025,375,265874,364,普通类,综合类,一段,0.9143,290790
2025,374,266301,427,普通类,综合类,一段,0.9158,290790
2025,373,266694,393,普通类,综合类,一段,0.9171,290790
2025,372,267094,400,普通类,综合类,一段,0.9185,290790
2025,371,267453,359,普通类,综合类,一段,0.9197,290790
2025,370,267852,399,普通类,综合类,一段,0.9211,290790
2025,369,268219,367,普通类,综合类,一段,0.9224,290790
2025,368,268589,370,普通类,综合类,一段,0.9237,290790
2025,367,268957,368,普通类,综合类,一段,0.9249,290790
2025,366,269302,345,普通类,综合类,一段,0.9261,290790
2025,365,269638,336,普通类,综合类,一段,0.9273,290790
2025,364,269985,347,普通类,综合类,一段,0.9285,290790
2025,363,270323,338,普通类,综合类,一段,0.9296,290790
2025,362,270643,320,普通类,综合类,一段,0.9307,290790
2025,361,271007,364,普通类,综合类,一段,0.932,290790
2025,360,271338,331,普通类,综合类,一段,0.9331,290790
2025,359,271649,311,普通类,综合类,一段,0.9342,290790
2025,358,271962,313,普通类,综合类,一段,0.9353,290790
2025,357,272276,314,普通类,综合类,一段,0.9363,290790
2025,356,272569,293,普通类,综合类,一段,0.9373,290790
2025,355,272872,303,普通类,综合类,一段,0.9384,290790
2025,354,273173,301,普通类,综合类,一段,0.9394,290790
2025,353,273471,298,普通类,综合类,一段,0.9404,290790
2025,352,273778,307,普通类,综合类,一段,0.9415,290790
2025,351,274079,301,普通类,综合类,一段,0.9425,290790
2025,350,274352,273,普通类,综合类,一段,0.9435,290790
2025,349,274638,286,普通类,综合类,一段,0.9445,290790
2025,348,274899,261,普通类,综合类,一段,0.9454,290790
2025,347,275176,277,普通类,综合类,一段,0.9463,290790
2025,346,275431,255,普通类,综合类,一段,0.9472,290790
2025,345,275694,263,普通类,综合类,一段,0.9481,290790
2025,344,275924,230,普通类,综合类,一段,0.9489,290790
2025,343,276178,254,普通类,综合类,一段,0.9498,290790
2025,342,276393,215,普通类,综合类,一段,0.9505,290790
2025,341,276665,272,普通类,综合类,一段,0.9514,290790
2025,340,276910,245,普通类,综合类,一段,0.9523,290790
2025,339,277145,235,普通类,综合类,一段,0.9531,290790
2025,338,277370,225,普通类,综合类,一段,0.9538,290790
2025,337,277611,241,普通类,综合类,一段,0.9547,290790
2025,336,277875,264,普通类,综合类,一段,0.9556,290790
2025,335,278127,252,普通类,综合类,一段,0.9565,290790
2025,334,278355,228,普通类,综合类,一段,0.9572,290790
2025,333,278589,234,普通类,综合类,一段,0.958,290790
2025,332,278804,215,普通类,综合类,一段,0.9588,290790
2025,331,279033,229,普通类,综合类,一段,0.9596,290790
2025,330,279255,222,普通类,综合类,一段,0.9603,290790
2025,329,279463,208,普通类,综合类,一段,0.961,290790
2025,328,279691,228,普通类,综合类,一段,0.9618,290790
2025,327,279897,206,普通类,综合类,一段,0.9625,290790
2025,326,280087,190,普通类,综合类,一段,0.9632,290790
2025,325,280273,186,普通类,综合类,一段,0.9638,290790
2025,324,280462,189,普通类,综合类,一段,0.9645,290790
2025,323,280660,198,普通类,综合类,一段,0.9652,290790
2025,322,280867,207,普通类,综合类,一段,0.9659,290790
2025,321,281068,201,普通类,综合类,一段,0.9666,290790
2025,320,281260,192,普通类,综合类,一段,0.9672,290790
2025,319,281429,169,普通类,综合类,一段,0.9678,290790
2025,318,281606,177,普通类,综合类,一段,0.9684,290790
2025,317,281801,195,普通类,综合类,一段,0.9691,290790
2025,316,282005,204,普通类,综合类,一段,0.9698,290790
2025,315,282170,165,普通类,综合类,一段,0.9704,290790
2025,314,282361,191,普通类,综合类,一段,0.971,290790
2025,313,282523,162,普通类,综合类,一段,0.9716,290790
2025,312,282713,190,普通类,综合类,一段,0.9722,290790
2025,311,282878,165,普通类,综合类,一段,0.9728,290790
2025,310,283024,146,普通类,综合类,一段,0.9733,290790
2025,309,283214,190,普通类,综合类,一段,0.9739,290790
2025,308,283394,180,普通类,综合类,一段,0.9746,290790
2025,307,283553,159,普通类,综合类,一段,0.9751,290790
2025,306,283713,160,普通类,综合类,一段,0.9757,290790
2025,305,283870,157,普通类,综合类,一段,0.9762,290790
2025,304,284013,143,普通类,综合类,一段,0.9767,290790
2025,303,284167,154,普通类,综合类,一段,0.9772,290790
2025,302,284326,159,普通类,综合类,一段,0.9778,290790
2025,301,284495,169,普通类,综合类,一段,0.9784,290790
2025,300,284669,174,普通类,综合类,一段,0.979,290790
2025,299,284843,174,普通类,综合类,一段,0.9795,290790
2025,298,285020,177,普通类,综合类,一段,0.9802,290790
2025,297,285185,165,普通类,综合类,一段,0.9807,290790
2025,296,285368,183,普通类,综合类,一段,0.9814,290790
2025,295,285523,155,普通类,综合类,一段,0.9819,290790
2025,294,285713,190,普通类,综合类,一段,0.9825,290790
2025,293,285883,170,普通类,综合类,一段,0.9831,290790
2025,292,286060,177,普通类,综合类,一段,0.9837,290790
2025,291,286237,177,普通类,综合类,一段,0.9843,290790
2025,290,286447,210,普通类,综合类,一段,0.9851,290790
2025,289,286625,178,普通类,综合类,一段,0.9857,290790
2025,288,286787,162,普通类,综合类,一段,0.9862,290790
2025,287,286965,178,普通类,综合类,一段,0.9868,290790
2025,286,287136,171,普通类,综合类,一段,0.9874,290790
2025,285,287324,188,普通类,综合类,一段,0.9881,290790
2025,284,287490,166,普通类,综合类,一段,0.9887,290790
2025,283,287702,212,普通类,综合类,一段,0.9894,290790
2025,282,287892,190,普通类,综合类,一段,0.99,290790
2025,281,288106,214,普通类,综合类,一段,0.9908,290790
2025,280,288285,179,普通类,综合类,一段,0.9914,290790
2025,279,288457,172,普通类,综合类,一段,0.992,290790
2025,278,288661,204,普通类,综合类,一段,0.9927,290790
2025,277,288895,234,普通类,综合类,一段,0.9935,290790
2025,276,289103,208,普通类,综合类,一段,0.9942,290790
2025,275,289320,217,普通类,综合类,一段,0.9949,290790
2025,274,289511,191,普通类,综合类,一段,0.9956,290790
2025,273,289744,233,普通类,综合类,一段,0.9964,290790
2025,272,289937,193,普通类,综合类,一段,0.9971,290790
2025,271,290155,218,普通类,综合类,一段,0.9978,290790
2025,270,290373,218,普通类,综合类,一段,0.9986,290790
2025,269,290574,201,普通类,综合类,一段,0.9993,290790
2025,268,290790,216,普通类,综合类,一段,1.0,290790
